<?xml version="1.0" encoding="UTF-8"?>
<feature
      id="org.eclipse.jpt.dbws.eclipselink.feature"
      label="%featureName"
      version="1.2.101.v201501152048"
      provider-name="%providerName"
      plugin="org.eclipse.jpt.dbws.eclipselink.branding">

   <description>
      %description
   </description>

   <copyright>
      %copyright
   </copyright>

   <license url="license.html">
      %license
   </license>

   <requires>
      <import feature="org.eclipse.jpt.common.eclipselink.feature" version="1.2.0"/>
   </requires>

   <plugin
         id="org.eclipse.jpt.dbws.eclipselink.ui"
         download-size="64"
         install-size="125"
         version="1.1.101.v201501152048"
         unpack="false"/>

   <plugin
         id="org.eclipse.jpt.dbws.eclipselink.core.gen"
         download-size="17"
         install-size="28"
         version="1.1.100.v201308132122"
         unpack="false"/>

   <plugin
         id="javax.wsdl"
         download-size="164"
         install-size="319"
         version="1.6.2.v201012040545"
         unpack="false"/>

   <plugin
         id="org.eclipse.persistence.dbws"
         download-size="296"
         install-size="656"
         version="2.6.0.v20140809-296a69f"
         unpack="false"/>

   <plugin
         id="org.eclipse.persistence.dbws.builder"
         download-size="225"
         install-size="554"
         version="2.6.0.v20140809-296a69f"
         unpack="false"/>

   <plugin
         id="org.eclipse.jpt.dbws.eclipselink.branding"
         download-size="16"
         install-size="20"
         version="1.2.100.v201309202144"
         unpack="false"/>

</feature>
