<?xml version="1.0" encoding="UTF-8"?>
<feature
      id="org.eclipse.epp.mpc"
      label="%featureName"
      version="1.4.2.v20160210-2005"
      provider-name="%providerName"
      plugin="org.eclipse.epp.mpc.ui">

   <description url="http://www.eclipse.org/epp/mpc/">
      %description
   </description>

   <copyright>
      %copyright
   </copyright>

   <license url="%licenseURL">
      %license
   </license>

   <requires>
      <import feature="org.eclipse.equinox.p2.discovery.feature" version="1.0.0.v201004" match="compatible"/>
   </requires>

   <plugin
         id="org.eclipse.epp.mpc.core"
         download-size="141"
         install-size="287"
         version="1.4.2.v20160210-1948"
         unpack="false"/>

   <plugin
         id="org.eclipse.epp.mpc.ui"
         download-size="421"
         install-size="917"
         version="1.4.2.v20160210-2005"
         unpack="false"/>

   <plugin
         id="org.eclipse.epp.mpc.help.ui"
         download-size="750"
         install-size="783"
         version="1.4.2.v20160120-1701"
         unpack="false"/>

   <plugin
         id="org.apache.httpcomponents.httpclient"
         download-size="830"
         install-size="1770"
         version="4.3.6.v201411290715"
         unpack="false"/>

   <plugin
         id="org.apache.httpcomponents.httpcore"
         download-size="311"
         install-size="642"
         version="4.3.3.v201411290715"
         unpack="false"/>

</feature>
