<?xml version="1.0" encoding="UTF-8"?>
<feature
      id="org.eclipse.datatools.enablement.jdbc.feature"
      label="%featureName"
      version="1.12.0.v201406061321-4-49oB58B7DAF7FCH"
      provider-name="%providerName"
      plugin="org.eclipse.datatools.enablement.sybase"
      image="eclipse_update_120.jpg">

   <description>
      %description
   </description>

   <copyright>
      %featureCopyright
   </copyright>

   <license url="%licenseURL">
      %license
   </license>

   <url>
      <update label="%updateSiteName" url="http://download.eclipse.org/datatools/updates/1.12"/>
      <discovery label="%updateSiteName" url="http://download.eclipse.org/datatools/updates/1.12"/>
   </url>

   <requires>
      <import feature="org.eclipse.datatools.connectivity.feature" version="1.12.0" match="greaterOrEqual"/>
   </requires>

   <plugin
         id="org.eclipse.datatools.connectivity.db.generic"
         download-size="0"
         install-size="0"
         version="1.0.1.v201107221459"
         unpack="false"/>

   <plugin
         id="org.eclipse.datatools.connectivity.db.generic.ui"
         download-size="0"
         install-size="0"
         version="1.0.2.v201211200622"
         unpack="false"/>

   <plugin
         id="org.eclipse.datatools.connectivity.dbdefinition.genericJDBC"
         download-size="0"
         install-size="0"
         version="1.0.2.v201310181001"
         unpack="false"/>

</feature>
