<?xml version="1.0" encoding="UTF-8"?>
<feature
      id="org.eclipse.jpt.jaxb.feature"
      label="%featureName"
      version="1.5.2.v201501171820"
      provider-name="%providerName"
      plugin="org.eclipse.jpt.jaxb.branding">

   <description>
      %description
   </description>

   <copyright>
      %copyright
   </copyright>

   <license url="license.html">
      %license
   </license>

   <requires>
      <import feature="org.eclipse.jpt.common.feature" version="1.2.0"/>
   </requires>

   <plugin
         id="org.eclipse.jpt.jaxb.core"
         download-size="713"
         install-size="1724"
         version="1.4.1.v201501152041"
         unpack="false"/>

   <plugin
         id="org.eclipse.jpt.jaxb.core.schemagen"
         download-size="18"
         install-size="29"
         version="1.1.100.v201309202144"
         unpack="false"/>

   <plugin
         id="org.eclipse.jpt.jaxb.ui"
         download-size="287"
         install-size="633"
         version="1.5.0.v201308091549"
         unpack="false"/>

   <plugin
         id="org.eclipse.jpt.jaxb.branding"
         download-size="16"
         install-size="20"
         version="1.4.0.v201309202144"
         unpack="false"/>

</feature>
