<?xml version="1.0" encoding="UTF-8"?>
<feature
      id="org.eclipse.datatools.enablement.msft.feature"
      label="%featureName"
      version="1.12.0.v201406061321-5478AkF7AO7UBQAK8M"
      provider-name="%providerName"
      plugin="org.eclipse.datatools.enablement.finfo"
      image="eclipse_update_120.jpg">

   <description>
      %description
   </description>

   <copyright>
      %featureCopyright
   </copyright>

   <license url="%licenseURL">
      %license
   </license>

   <url>
      <update label="%updateSiteName" url="http://download.eclipse.org/datatools/updates/1.12"/>
      <discovery label="%updateSiteName" url="http://download.eclipse.org/datatools/updates/1.12"/>
   </url>

   <requires>
      <import feature="org.eclipse.datatools.modelbase.feature" version="1.12.0" match="greaterOrEqual"/>
      <import feature="org.eclipse.datatools.connectivity.feature" version="1.12.0" match="greaterOrEqual"/>
      <import feature="org.eclipse.datatools.enablement.jdbc.feature" version="1.12.0" match="greaterOrEqual"/>
   </requires>

   <plugin
         id="org.eclipse.datatools.enablement.msft.sqlserver.dbdefinition"
         download-size="0"
         install-size="0"
         version="1.0.1.v201201240505"
         unpack="false"/>

   <plugin
         id="org.eclipse.datatools.enablement.msft.sqlserver"
         download-size="0"
         install-size="0"
         version="1.0.3.v201308161009"
         unpack="false"/>

   <plugin
         id="org.eclipse.datatools.enablement.msft.sqlserver.ui"
         download-size="0"
         install-size="0"
         version="1.0.4.v201308031011"
         unpack="false"/>

   <plugin
         id="org.eclipse.datatools.enablement.finfo"
         download-size="0"
         install-size="0"
         version="1.5.1.v200906161800"
         unpack="false"/>

</feature>
