<?xml version="1.0" encoding="UTF-8"?>
<feature
      id="org.eclipse.datatools.connectivity.oda.feature"
      label="%featureName"
      version="1.12.0.v201406061321-7E7C7YBgJ9ET9OHLDfLZ"
      provider-name="%providerName"
      plugin="org.eclipse.datatools.connectivity.oda"
      image="eclipse_update_120.jpg">

   <description>
      %description
   </description>

   <copyright>
      %featureCopyright
   </copyright>

   <license url="%licenseURL">
      %license
   </license>

   <url>
      <update label="%updateSiteName" url="http://download.eclipse.org/datatools/updates/1.12"/>
      <discovery label="%updateSiteName" url="http://download.eclipse.org/datatools/updates/1.12"/>
   </url>

   <plugin
         id="org.eclipse.datatools.connectivity.oda.consumer"
         download-size="0"
         install-size="0"
         version="3.2.6.v201403131814"
         unpack="false"/>

   <plugin
         id="org.eclipse.datatools.connectivity.oda.design"
         download-size="0"
         install-size="0"
         version="3.3.6.v201403131814"
         unpack="false"/>

   <plugin
         id="org.eclipse.datatools.connectivity.oda.profile"
         download-size="0"
         install-size="0"
         version="3.2.9.v201403131814"
         unpack="false"/>

   <plugin
         id="org.eclipse.datatools.connectivity.oda"
         download-size="0"
         install-size="0"
         version="3.4.3.v201405301249"
         unpack="false"/>

   <plugin
         id="org.eclipse.datatools.connectivity"
         download-size="0"
         install-size="0"
         version="1.2.11.v201401230755"
         unpack="false"/>

</feature>
