<?xml version="1.0" encoding="UTF-8"?>
<feature
      id="org.eclipse.datatools.enablement.jdt.feature"
      label="%featureName"
      version="1.12.0.v201406061321-2-07w312218332612"
      provider-name="%providerName"
      plugin="org.eclipse.datatools.enablement.jdt.classpath"
      image="eclipse_update_120.jpg">

   <description>
      %description
   </description>

   <copyright>
      %featureCopyright
   </copyright>

   <license url="%licenseURL">
      %license
   </license>

   <url>
      <update label="%updateSiteName" url="http://download.eclipse.org/datatools/updates/1.12"/>
      <discovery label="%updateSiteName" url="http://download.eclipse.org/datatools/updates/1.12"/>
   </url>

   <requires>
      <import feature="org.eclipse.jdt" version="3.4.0" match="greaterOrEqual"/>
   </requires>

   <plugin
         id="org.eclipse.datatools.enablement.jdt.classpath"
         download-size="0"
         install-size="0"
         version="1.0.1.v201107221501"
         unpack="false"/>

</feature>
