<?xml version="1.0" encoding="UTF-8"?>
<feature
      id="org.eclipse.datatools.connectivity.oda.designer.feature"
      label="%featureName"
      version="1.12.0.v201406061321-4147w312514242925"
      provider-name="%providerName"
      plugin="org.eclipse.datatools.connectivity.oda.design.ui"
      image="eclipse_update_120.jpg">

   <description>
      %description
   </description>

   <copyright>
      %featureCopyright
   </copyright>

   <license url="%licenseURL">
      %license
   </license>

   <url>
      <update label="%updateSiteName" url="http://download.eclipse.org/datatools/updates/1.12"/>
      <discovery label="%updateSiteName" url="http://download.eclipse.org/datatools/updates/1.12"/>
   </url>

   <requires>
      <import feature="org.eclipse.pde" version="3.4.0" match="greaterOrEqual"/>
      <import feature="org.eclipse.datatools.connectivity.oda.designer.core.feature" version="1.12.0" match="greaterOrEqual"/>
   </requires>

   <plugin
         id="org.eclipse.datatools.connectivity.oda.template.ui"
         download-size="0"
         install-size="0"
         version="3.2.5.v201403131814"
         unpack="false"/>

</feature>
